INSERT INTO CAMINATA_ENTITY (DTYPE, id, numero, titulo, tipo, fecha, hora, departamento, ciudad, duracion_estimada_minutos)
VALUES ('CaminataEntity', 1, 101, 'Sendero del Sol', 'Montaña', '2025-06-10', '07:00', 'Cundinamarca', 'La Calera', 180);

INSERT INTO CAMINATA_ENTITY (DTYPE, id, numero, titulo, tipo, fecha, hora, departamento, ciudad, duracion_estimada_minutos)
VALUES ('CaminataEntity', 2, 102, 'Aventura del Río', 'Río', '2025-07-15', '08:30', 'Antioquia', 'Guatapé', 120);

INSERT INTO CAMINATA_ENTITY (DTYPE, id, numero, titulo, tipo, fecha, hora, departamento, ciudad, duracion_estimada_minutos)
VALUES ('CaminataEntity', 3, 103, 'Exploración del Bosque', 'Bosque', '2025-08-20', '06:45', 'Meta', 'Villavicencio', 150);

INSERT INTO CAMINATA_ENTITY (DTYPE, id, numero, titulo, tipo, fecha, hora, departamento, ciudad, duracion_estimada_minutos)
VALUES ('CaminataEntity', 4, 104, 'Ruta del Nevado', 'Nevado', '2025-09-05', '05:30', 'Tolima', 'Murillo', 240);

INSERT INTO CAMINATA_ENTITY (DTYPE, id, numero, titulo, tipo, fecha, hora, departamento, ciudad, duracion_estimada_minutos)
VALUES ('CaminataEntity', 5, 105, 'Caminata Nocturna', 'Nocturna', '2025-10-01', '19:00', 'Boyacá', 'Villa de Leyva', 90);

INSERT INTO CAMINATA_ENTITY (DTYPE, id, numero, titulo, tipo, fecha, hora, departamento, ciudad, duracion_estimada_minutos)
VALUES ('CaminataEntity', 6, 106, 'Sendero del Viento', 'Montaña', '2025-10-15', '07:15', 'Cundinamarca', 'Sibaté', 180);

INSERT INTO CAMINATA_ENTITY (DTYPE, id, numero, titulo, tipo, fecha, hora, departamento, ciudad, duracion_estimada_minutos)
VALUES ('CaminataEntity', 7, 107, 'Cima de los Andes', 'Montaña', '2025-11-01', '06:00', 'Cundinamarca', 'La Calera', 210);

INSERT INTO CAMINATA_ENTITY (DTYPE, id, numero, titulo, tipo, fecha, hora, departamento, ciudad, duracion_estimada_minutos)
VALUES ('CaminataEntity', 8, 108, 'Exploración Subterránea', 'Cueva', '2025-11-20', '09:30', 'Santander', 'Barichara', 120);

INSERT INTO CAMINATA_ENTITY (DTYPE, id, numero, titulo, tipo, fecha, hora, departamento, ciudad, duracion_estimada_minutos)
VALUES ('CaminataEntity', 9, 109, 'Aventura del Volcán', 'Volcán', '2025-12-10', '08:00', 'Cauca', 'Popayán', 180);

INSERT INTO CAMINATA_ENTITY (DTYPE, id, numero, titulo, tipo, fecha, hora, departamento, ciudad, duracion_estimada_minutos)
VALUES ('CaminataEntity', 10, 110, 'Caminata del Lago', 'Lago', '2025-12-15', '07:45', 'Nariño', 'San Juan de Pasto', 150);

INSERT INTO CAMINATA_ENTITY (DTYPE, id, numero, titulo, tipo, fecha, hora, departamento, ciudad, duracion_estimada_minutos)
VALUES ('CaminataEntity', 11, 111, 'Aventura de los Parques', 'Parque', '2026-01-05', '10:00', 'Cundinamarca', 'Chía', 90);

INSERT INTO CAMINATA_ENTITY (DTYPE, id, numero, titulo, tipo, fecha, hora, departamento, ciudad, duracion_estimada_minutos)
VALUES ('CaminataEntity', 12, 112, 'Sendero del Río Grande', 'Río', '2026-01-15', '08:30', 'Antioquia', 'Medellín', 130);

INSERT INTO CAMINATA_ENTITY (DTYPE, id, numero, titulo, tipo, fecha, hora, departamento, ciudad, duracion_estimada_minutos)
VALUES ('CaminataEntity', 13, 113, 'Ruta del Sol', 'Montaña', '2026-02-01', '06:30', 'Boyacá', 'Tunja', 180);

INSERT INTO CAMINATA_ENTITY (DTYPE, id, numero, titulo, tipo, fecha, hora, departamento, ciudad, duracion_estimada_minutos)
VALUES ('CaminataEntity', 14, 114, 'Exploración del Desierto', 'Desierto', '2026-02-10', '07:00', 'La Guajira', 'Riohacha', 240);

INSERT INTO CAMINATA_ENTITY (DTYPE, id, numero, titulo, tipo, fecha, hora, departamento, ciudad, duracion_estimada_minutos)
VALUES ('CaminataEntity', 15, 115, 'Caminata de la Noche Estrellada', 'Nocturna', '2026-03-01', '19:30', 'Cundinamarca', 'Fómeque', 110);


insert into EMPRESA_ENTITY (DOCUMENTO, ID, CORREO, NOMBRE) values (1, 1, 'contacto@senderotech.com', 'SenderoTech');
insert into EMPRESA_ENTITY (DOCUMENTO, ID, CORREO, NOMBRE) values (2, 2, 'info@altavida.org', 'AltaVida Outdoors');
insert into EMPRESA_ENTITY (DOCUMENTO, ID, CORREO, NOMBRE) values (3, 3, 'patrocinio@terranorte.co', 'TerraNorte');
insert into EMPRESA_ENTITY (DOCUMENTO, ID, CORREO, NOMBRE) values (4, 4, 'eventos@footpathgear.com', 'FootPath Gear');
insert into EMPRESA_ENTITY (DOCUMENTO, ID, CORREO, NOMBRE) values (5, 5, 'alianzas@vivaandina.com', 'Viva Andina');
insert into EMPRESA_ENTITY (DOCUMENTO, ID, CORREO, NOMBRE) values (6, 6, 'contacto@ecotrailgroup.net', 'EcoTrail Group');
insert into EMPRESA_ENTITY (DOCUMENTO, ID, CORREO, NOMBRE) values (7, 7, 'info@zenpathfitness.org', 'ZenPath Fitness');
insert into EMPRESA_ENTITY (DOCUMENTO, ID, CORREO, NOMBRE) values (8, 8, 'contacto@montemax.com', 'MonteMax Outdoors');
insert into EMPRESA_ENTITY (DOCUMENTO, ID, CORREO, NOMBRE) values (9, 9, 'patrocinio@respiralibre.com', 'RespiraLibre');
insert into EMPRESA_ENTITY (DOCUMENTO, ID, CORREO, NOMBRE) values (10, 10, 'eventos@solvitality.co', 'SolVitality');
insert into EMPRESA_ENTITY (DOCUMENTO, ID, CORREO, NOMBRE) values (11, 11, 'info@trailfusion.dev', 'TrailFusion');
insert into EMPRESA_ENTITY (DOCUMENTO, ID, CORREO, NOMBRE) values (12, 12, 'contacto@horizonnatural.org', 'Horizón Natural');
insert into EMPRESA_ENTITY (DOCUMENTO, ID, CORREO, NOMBRE) values (13, 13, 'alianzas@campototal.com', 'CampoTotal');
insert into EMPRESA_ENTITY (DOCUMENTO, ID, CORREO, NOMBRE) values (14, 14, 'info@biodynatrack.net', 'BioDynaTrack');
insert into EMPRESA_ENTITY (DOCUMENTO, ID, CORREO, NOMBRE) values (15, 15, 'contact@andarseguro.org', 'AndarSeguro');

insert into CAMINANTE_ENTITY (EXPERIENCIA_PREVIA, LESION, PROBLEMAS_RES, TRATAMIENTOS_MED, ID, CORREO, DIRECCION, DOCUMENTO, NOMBRE, TELEFONO) 
values (false, true, false, false, 1, 'laura.gomez1@mail.com', 'Cra 12 #45-23, Bogotá', '102938475', 'Laura Gómez', '3104567890');
insert into CAMINANTE_ENTITY (EXPERIENCIA_PREVIA, LESION, PROBLEMAS_RES, TRATAMIENTOS_MED, ID, CORREO, DIRECCION, DOCUMENTO, NOMBRE, TELEFONO) 
values (false, true, true, true, 2, 'daniela.ramirez@mail.com', 'Calle 9A #21-10, Medellín', '9876543210', 'Daniela Ramírez', '3115678901');
insert into CAMINANTE_ENTITY (EXPERIENCIA_PREVIA, LESION, PROBLEMAS_RES, TRATAMIENTOS_MED, ID, CORREO, DIRECCION, DOCUMENTO, NOMBRE, TELEFONO) 
values (false, false, true, true, 3, 'carlos.perez@mail.com', 'Av. El Dorado #50-22, Bogotá', '123456789', 'Carlos Pérez', '3001234567');
insert into CAMINANTE_ENTITY (EXPERIENCIA_PREVIA, LESION, PROBLEMAS_RES, TRATAMIENTOS_MED, ID, CORREO, DIRECCION, DOCUMENTO, NOMBRE, TELEFONO) 
values (true, false, true, false, 4, 'mariana.rios@mail.com', 'Transv. 5 #66-12, Cali', '2345678901', 'Mariana Ríos', '3204567891');
insert into CAMINANTE_ENTITY (EXPERIENCIA_PREVIA, LESION, PROBLEMAS_RES, TRATAMIENTOS_MED, ID, CORREO, DIRECCION, DOCUMENTO, NOMBRE, TELEFONO) 
values (false, false, false, false, 5, 'juliana.morales@mail.com', 'Calle 100 #8A-25, Bogotá', '5678901234', 'Juliana Morales', '3012345678');
insert into CAMINANTE_ENTITY (EXPERIENCIA_PREVIA, LESION, PROBLEMAS_RES, TRATAMIENTOS_MED, ID, CORREO, DIRECCION, DOCUMENTO, NOMBRE, TELEFONO) 
values (false, false, false, true, 6, 'sara.ortiz@mail.com', 'Cra 19 #118-35, Barranquilla', '876543210', 'Sara Ortiz', '3157890123');
insert into CAMINANTE_ENTITY (EXPERIENCIA_PREVIA, LESION, PROBLEMAS_RES, TRATAMIENTOS_MED, ID, CORREO, DIRECCION, DOCUMENTO, NOMBRE, TELEFONO) 
values (false, false, true, false, 7, 'camila.sanchez@mail.com', 'Av. 1ra #15-30, Cartagena', '1122334455', 'Camila Sánchez', '3123456789');
insert into CAMINANTE_ENTITY (EXPERIENCIA_PREVIA, LESION, PROBLEMAS_RES, TRATAMIENTOS_MED, ID, CORREO, DIRECCION, DOCUMENTO, NOMBRE, TELEFONO) 
values (true, true, false, true, 8, 'juan.castillo@mail.com', 'Calle 44 #32-15, Medellín', '9988776655', 'Juan Castillo', '3009876543');
insert into CAMINANTE_ENTITY (EXPERIENCIA_PREVIA, LESION, PROBLEMAS_RES, TRATAMIENTOS_MED, ID, CORREO, DIRECCION, DOCUMENTO, NOMBRE, TELEFONO) 
values (false, true, false, false, 9, 'isabela.mendoza@mail.com', 'Cra 7 #85-90, Bogotá', '5566778899', 'Isabela Mendoza', '3134567890');
insert into CAMINANTE_ENTITY (EXPERIENCIA_PREVIA, LESION, PROBLEMAS_RES, TRATAMIENTOS_MED, ID, CORREO, DIRECCION, DOCUMENTO, NOMBRE, TELEFONO) 
values (true, false, true, false, 10, 'andres.martinez@mail.com', 'Cra 70 #34-22, Cali', '6677889900', 'Andrés Martínez', '3045678901');
insert into CAMINANTE_ENTITY (EXPERIENCIA_PREVIA, LESION, PROBLEMAS_RES, TRATAMIENTOS_MED, ID, CORREO, DIRECCION, DOCUMENTO, NOMBRE, TELEFONO) 
values (true, false, false, false, 11, 'natalia.vega@mail.com', 'Calle 60 #13-75, Bucaramanga', '7788990011', 'Natalia Vega', '3112345678');
insert into CAMINANTE_ENTITY (EXPERIENCIA_PREVIA, LESION, PROBLEMAS_RES, TRATAMIENTOS_MED, ID, CORREO, DIRECCION, DOCUMENTO, NOMBRE, TELEFONO) 
values (true, true, true, true, 12, 'diego.murillo@mail.com', 'Cra 14 #40-55, Pereira', '8899001122', 'Diego Murillo', '3056789012');
insert into CAMINANTE_ENTITY (EXPERIENCIA_PREVIA, LESION, PROBLEMAS_RES, TRATAMIENTOS_MED, ID, CORREO, DIRECCION, DOCUMENTO, NOMBRE, TELEFONO) 
values (false, false, false, true, 13, 'manuel.torres@mail.com', 'Calle 45 #8-30, Neiva', '9900112233', 'Manuel Torres', '3167890123');
insert into CAMINANTE_ENTITY (EXPERIENCIA_PREVIA, LESION, PROBLEMAS_RES, TRATAMIENTOS_MED, ID, CORREO, DIRECCION, DOCUMENTO, NOMBRE, TELEFONO) 
values (true, false, true, false, 14, 'sofia.acosta@mail.com', 'Av. Caracas #18-45, Bogotá', '123123123', 'Sofía Acosta', '3101122334');
insert into CAMINANTE_ENTITY (EXPERIENCIA_PREVIA, LESION, PROBLEMAS_RES, TRATAMIENTOS_MED, ID, CORREO, DIRECCION, DOCUMENTO, NOMBRE, TELEFONO) 
values (false, false, false, true, 15, 'angela.reyes@mail.com', 'Cra 33 #55-10, Cúcuta', '321321321', 'Ángela Reyes', '3178901234');


insert into PAGO_ENTITY (CUOTAS, VALOR_CAMINATA, VALOR_TOTAL, CAMINATA_ID, CAMINANTE_ID, EMPRESA_ID, FECHA_VENCIMIENTO, ID, CCV, NUMERO_TARJETA, NUMERO_TRANSACCION, PROPIETARIO) values (5, 81, 58, 1, 1, 1, '2024-03-23 14:49:32', 1, 'Rafaelia', 'Winna', 'Falkner', 'Georgianne');
insert into PAGO_ENTITY (CUOTAS, VALOR_CAMINATA, VALOR_TOTAL, CAMINATA_ID, CAMINANTE_ID, EMPRESA_ID, FECHA_VENCIMIENTO, ID, CCV, NUMERO_TARJETA, NUMERO_TRANSACCION, PROPIETARIO) values (2, 68, 39, 2, 2, 2, '2024-04-05 07:36:47', 2, 'Blisse', 'Patrice', 'Lawton', 'Layton');
insert into PAGO_ENTITY (CUOTAS, VALOR_CAMINATA, VALOR_TOTAL, CAMINATA_ID, CAMINANTE_ID, EMPRESA_ID, FECHA_VENCIMIENTO, ID, CCV, NUMERO_TARJETA, NUMERO_TRANSACCION, PROPIETARIO) values (4, 15, 53, 3, 3, 3, '2024-09-16 09:32:22', 3, 'Heidie', 'Bekki', 'Halette', 'Marika');
insert into PAGO_ENTITY (CUOTAS, VALOR_CAMINATA, VALOR_TOTAL, CAMINATA_ID, CAMINANTE_ID, EMPRESA_ID, FECHA_VENCIMIENTO, ID, CCV, NUMERO_TARJETA, NUMERO_TRANSACCION, PROPIETARIO) values (1, 69, 99, 4, 4, 4, '2024-06-27 01:25:54', 4, 'Fannie', 'Jeanine', 'Charis', 'Raffaello');
insert into PAGO_ENTITY (CUOTAS, VALOR_CAMINATA, VALOR_TOTAL, CAMINATA_ID, CAMINANTE_ID, EMPRESA_ID, FECHA_VENCIMIENTO, ID, CCV, NUMERO_TARJETA, NUMERO_TRANSACCION, PROPIETARIO) values (4, 2, 94, 5, 5, 5, '2024-11-19 06:01:47', 5, 'Wendeline', 'Windy', 'Sada', 'Michaeline');
insert into PAGO_ENTITY (CUOTAS, VALOR_CAMINATA, VALOR_TOTAL, CAMINATA_ID, CAMINANTE_ID, EMPRESA_ID, FECHA_VENCIMIENTO, ID, CCV, NUMERO_TARJETA, NUMERO_TRANSACCION, PROPIETARIO) values (6, 53, 31, 6, 6, 6, '2024-09-11 08:37:59', 6, 'Alyson', 'Suzanne', 'Dasha', 'Lorry');
insert into PAGO_ENTITY (CUOTAS, VALOR_CAMINATA, VALOR_TOTAL, CAMINATA_ID, CAMINANTE_ID, EMPRESA_ID, FECHA_VENCIMIENTO, ID, CCV, NUMERO_TARJETA, NUMERO_TRANSACCION, PROPIETARIO) values (1, 37, 17, 7, 7, 7, '2024-08-08 15:31:53', 7, 'Marian', 'Redd', 'Austine', 'Ulrikaumeko');
insert into PAGO_ENTITY (CUOTAS, VALOR_CAMINATA, VALOR_TOTAL, CAMINATA_ID, CAMINANTE_ID, EMPRESA_ID, FECHA_VENCIMIENTO, ID, CCV, NUMERO_TARJETA, NUMERO_TRANSACCION, PROPIETARIO) values (7, 67, 46, 8, 8, 8, '2024-04-15 17:52:18', 8, 'Niven', 'Karlotte', 'Lynna', 'Darby');
insert into PAGO_ENTITY (CUOTAS, VALOR_CAMINATA, VALOR_TOTAL, CAMINATA_ID, CAMINANTE_ID, EMPRESA_ID, FECHA_VENCIMIENTO, ID, CCV, NUMERO_TARJETA, NUMERO_TRANSACCION, PROPIETARIO) values (4, 16, 10, 9, 9, 9, '2024-09-27 00:31:25', 9, 'Marieann', 'Washington', 'Lawton', 'Syman');
insert into PAGO_ENTITY (CUOTAS, VALOR_CAMINATA, VALOR_TOTAL, CAMINATA_ID, CAMINANTE_ID, EMPRESA_ID, FECHA_VENCIMIENTO, ID, CCV, NUMERO_TARJETA, NUMERO_TRANSACCION, PROPIETARIO) values (2, 99, 84, 10, 10, 10, '2024-03-28 01:00:19', 10, 'Wylie', 'Jobie', 'Vinnie', 'Ophelia');
insert into PAGO_ENTITY (CUOTAS, VALOR_CAMINATA, VALOR_TOTAL, CAMINATA_ID, CAMINANTE_ID, EMPRESA_ID, FECHA_VENCIMIENTO, ID, CCV, NUMERO_TARJETA, NUMERO_TRANSACCION, PROPIETARIO) values (6, 1, 91, 11, 11, 11, '2024-12-07 23:11:33', 11, 'Filberto', 'Jacquelyn', 'Almeta', 'Lennie');
insert into PAGO_ENTITY (CUOTAS, VALOR_CAMINATA, VALOR_TOTAL, CAMINATA_ID, CAMINANTE_ID, EMPRESA_ID, FECHA_VENCIMIENTO, ID, CCV, NUMERO_TARJETA, NUMERO_TRANSACCION, PROPIETARIO) values (4, 99, 89, 12, 12, 12, '2024-12-27 14:21:52', 12, 'Helaine', 'Lyndell', 'Seumas', 'Samara');
insert into PAGO_ENTITY (CUOTAS, VALOR_CAMINATA, VALOR_TOTAL, CAMINATA_ID, CAMINANTE_ID, EMPRESA_ID, FECHA_VENCIMIENTO, ID, CCV, NUMERO_TARJETA, NUMERO_TRANSACCION, PROPIETARIO) values (4, 43, 1, 13, 13, 13, '2024-04-09 02:16:45', 13, 'Odessa', 'Indira', 'Gabrielle', 'Leisha');
insert into PAGO_ENTITY (CUOTAS, VALOR_CAMINATA, VALOR_TOTAL, CAMINATA_ID, CAMINANTE_ID, EMPRESA_ID, FECHA_VENCIMIENTO, ID, CCV, NUMERO_TARJETA, NUMERO_TRANSACCION, PROPIETARIO) values (2, 15, 52, 14, 14, 14, '2024-03-23 13:28:41', 14, 'Markus', 'Marleah', 'Arch', 'Lilllie');
insert into PAGO_ENTITY (CUOTAS, VALOR_CAMINATA, VALOR_TOTAL, CAMINATA_ID, CAMINANTE_ID, EMPRESA_ID, FECHA_VENCIMIENTO, ID, CCV, NUMERO_TARJETA, NUMERO_TRANSACCION, PROPIETARIO) values (3, 10, 40, 15, 15, 15, '2024-04-17 12:57:24', 15, 'Ramonda', 'Kelbee', 'La verne', 'Vladamir');

insert into SEGURO_ENTITY (id, numero, nombre, tipo, cobertura, condiciones, costo) values (1, 1, 'Proteccion Total', 'Accidentes Personales', 'Cobertura medica en caso de accidentes durante la caminata', 'Aplica solo para caminatas dentro del territorio nacional', 203000);
insert into SEGURO_ENTITY (id, numero, nombre, tipo, cobertura, condiciones, costo) values (2, 2, 'Seguro de Equipaje', 'Perdida de equipo', 'Reembolso por perdida o daño del equipo deportivo', 'Debe presentarse una denuncia en un maximo de 48 horas', 122000);
insert into SEGURO_ENTITY (id, numero, nombre, tipo, cobertura, condiciones, costo) values (3, 3, 'Cobertura Legal', 'Responsabilidad Civil', 'Cubre daños a terceros durante la caminata', 'Solo aplica en caminatas organizadas por Caminatas Colombia', 304000);
insert into SEGURO_ENTITY (id, numero, nombre, tipo, cobertura, condiciones, costo) values (4, 4, 'Proteccion Total', 'Accidentes Personales', 'Cobertura medica en caso de accidentes durante la caminata', 'Aplica solo para caminatas dentro del territorio nacional', 203000);
insert into SEGURO_ENTITY (id, numero, nombre, tipo, cobertura, condiciones, costo) values (5, 5, 'Seguro de Equipaje', 'Perdida de equipo', 'Reembolso por perdida o daño del equipo deportivo', 'Debe presentarse una denuncia en un maximo de 48 horas', 122000);
insert into SEGURO_ENTITY (id, numero, nombre, tipo, cobertura, condiciones, costo) values (6, 6, 'Cobertura Legal', 'Responsabilidad Civil', 'Cubre daños a terceros durante la caminata', 'Solo aplica en caminatas organizadas por Caminatas Colombia', 304000);
insert into SEGURO_ENTITY (id, numero, nombre, tipo, cobertura, condiciones, costo) values (7, 7, 'Proteccion Total', 'Accidentes Personales', 'Cobertura medica en caso de accidentes durante la caminata', 'Aplica solo para caminatas dentro del territorio nacional', 203000);
insert into SEGURO_ENTITY (id, numero, nombre, tipo, cobertura, condiciones, costo) values (8, 8, 'Seguro de Equipaje', 'Perdida de equipo', 'Reembolso por perdida o daño del equipo deportivo', 'Debe presentarse una denuncia en un maximo de 48 horas', 122000);
insert into SEGURO_ENTITY (id, numero, nombre, tipo, cobertura, condiciones, costo) values (9, 9, 'Cobertura Legal', 'Responsabilidad Civil', 'Cubre daños a terceros durante la caminata', 'Solo aplica en caminatas organizadas por Caminatas Colombia', 304000);

insert into BLOG_ENTITY (CAMINANTE_ID, ID, FOTO, TEXT, TITULO, VIDEO)
values (1, 1, 'sendero_sol.jpg', 'Una caminata llena de luz y naturaleza entre las montañas de La Calera.', 'Sendero del Sol: Una experiencia iluminada', 'sendero_sol.mp4');
insert into BLOG_ENTITY (CAMINANTE_ID, ID, FOTO, TEXT, TITULO, VIDEO)
values (2, 2, 'aventura_rio.jpg', 'Remamos y nos dejamos llevar por la corriente de Guatapé en esta travesía acuática.', 'Aventura del Río: Fluyendo con el alma', 'aventura_rio.mp4');
insert into BLOG_ENTITY (CAMINANTE_ID, ID, FOTO, TEXT, TITULO, VIDEO)
values (3, 3, 'bosque_exploracion.jpg', 'Cada paso en el bosque fue un suspiro de vida silvestre y aire puro.', 'Exploración del Bosque: El corazón verde de Meta', 'exploracion_bosque.mp4');
insert into BLOG_ENTITY (CAMINANTE_ID, ID, FOTO, TEXT, TITULO, VIDEO)
values (4, 4, 'nevado_ruta.jpg', 'Superamos la nieve y el frío para alcanzar una de las vistas más impactantes.', 'Ruta del Nevado: Enfrentando el cielo', 'nevado_ruta.mp4');
insert into BLOG_ENTITY (CAMINANTE_ID, ID, FOTO, TEXT, TITULO, VIDEO)
values (5, 5, 'nocturna_noche.jpg', 'Una experiencia mágica bajo la luna en Villa de Leyva.', 'Caminata Nocturna: Bajo las estrellas', 'caminata_nocturna.mp4');
insert into BLOG_ENTITY (CAMINANTE_ID, ID, FOTO, TEXT, TITULO, VIDEO)
values (6, 6, 'sendero_viento.jpg', 'El viento soplaba fuerte, pero la emoción de la caminata nos empujaba adelante.', 'Sendero del Viento: Desafiando las alturas', 'sendero_viento.mp4');
insert into BLOG_ENTITY (CAMINANTE_ID, ID, FOTO, TEXT, TITULO, VIDEO)
values (7, 7, 'cima_andes.jpg', 'Una cima, mil emociones. El esfuerzo valió cada paso.', 'Cima de los Andes: Tocando el cielo', 'cima_andes.mp4');
insert into BLOG_ENTITY (CAMINANTE_ID, ID, FOTO, TEXT, TITULO, VIDEO)
values (8, 8, 'exploracion_cueva.jpg', 'Nos adentramos en las profundidades de la tierra, con linternas y curiosidad.', 'Exploración Subterránea: Misterios bajo tierra', 'cueva_exploracion.mp4');
insert into BLOG_ENTITY (CAMINANTE_ID, ID, FOTO, TEXT, TITULO, VIDEO)
values (9, 9, 'aventura_volcan.jpg', 'Subimos por senderos volcánicos para ver el cráter desde lo alto.', 'Aventura del Volcán: El rugido de la tierra', 'volcan_aventura.mp4');
insert into BLOG_ENTITY (CAMINANTE_ID, ID, FOTO, TEXT, TITULO, VIDEO)
values (10, 10, 'lago_caminata.jpg', 'La serenidad del lago y el canto de las aves acompañaron nuestra caminata.', 'Caminata del Lago: Reflejos del alma', 'lago_caminata.mp4');
insert into BLOG_ENTITY (CAMINANTE_ID, ID, FOTO, TEXT, TITULO, VIDEO)
values (11, 11, 'parques_aventura.jpg', 'Entre árboles y juegos, disfrutamos de un día lleno de alegría.', 'Aventura de los Parques: Naturaleza urbana', 'aventura_parques.mp4');
insert into BLOG_ENTITY (CAMINANTE_ID, ID, FOTO, TEXT, TITULO, VIDEO)
values (12, 12, 'rio_grande.jpg', 'Cruzamos puentes y saltamos rocas en esta caminata fluvial.', 'Sendero del Río Grande: Energía en movimiento', 'rio_grande.mp4');
insert into BLOG_ENTITY (CAMINANTE_ID, ID, FOTO, TEXT, TITULO, VIDEO)
values (13, 13, 'ruta_sol.jpg', 'Un camino dorado por la cordillera que nos llenó de fuerza.', 'Ruta del Sol: Caminando con la luz', 'ruta_sol.mp4');
insert into BLOG_ENTITY (CAMINANTE_ID, ID, FOTO, TEXT, TITULO, VIDEO)
values (14, 14, 'desierto_exploracion.jpg', 'Arena y calor fueron los compañeros en esta travesía única.', 'Exploración del Desierto: El eco del silencio', 'desierto_exploracion.mp4');
insert into BLOG_ENTITY (CAMINANTE_ID, ID, FOTO, TEXT, TITULO, VIDEO)
values (15, 15, 'noche_estrellada.jpg', 'Cada estrella fue una guía en nuestro recorrido nocturno en Fómeque.', 'Caminata de la Noche Estrellada: Cielo abierto', 'noche_estrellada.mp4');

INSERT INTO PATROCINADOR_ENTITY (id, nombre, documento, correo, telefono) VALUES (1,  'Juan Pérez',        '1001234567', 'juan.perez@gmail.com',       '310-123-4567');
INSERT INTO PATROCINADOR_ENTITY (id, nombre, documento, correo, telefono) VALUES (2,  'María Rodríguez',   '1002345678', 'maria.rodriguez@yahoo.com',  '311-234-5678');
INSERT INTO PATROCINADOR_ENTITY (id, nombre, documento, correo, telefono) VALUES (3,  'Carlos Gómez',      '1003456789', 'carlos.gomez@hotmail.com',  '312-345-6789');
INSERT INTO PATROCINADOR_ENTITY (id, nombre, documento, correo, telefono) VALUES (4,  'Ana Martínez',      '1004567890', 'ana.martinez@gmail.com',     '313-456-7890');
INSERT INTO PATROCINADOR_ENTITY (id, nombre, documento, correo, telefono) VALUES (5,  'Luis Hernández',    '1005678901', 'luis.hernandez@yahoo.com',   '314-567-8901');
INSERT INTO PATROCINADOR_ENTITY (id, nombre, documento, correo, telefono) VALUES (6,  'Catalina López',    '1006789012', 'catalina.lopez@outlook.com', '315-678-9012');
INSERT INTO PATROCINADOR_ENTITY (id, nombre, documento, correo, telefono) VALUES (7,  'Andrés Sánchez',    '1007890123', 'andres.sanchez@gmail.com',   '316-789-0123');
INSERT INTO PATROCINADOR_ENTITY (id, nombre, documento, correo, telefono) VALUES (8,  'Valentina Castro',  '1008901234', 'valentina.castro@yahoo.com', '317-890-1234');
INSERT INTO PATROCINADOR_ENTITY (id, nombre, documento, correo, telefono) VALUES (9,  'Diego Torres',      '1009012345', 'diego.torres@hotmail.com',   '318-901-2345');
INSERT INTO PATROCINADOR_ENTITY (id, nombre, documento, correo, telefono) VALUES (10, 'Andrea Ramírez',    '1000123456', 'andrea.ramirez@gmail.com',   '319-012-3456');